folder	frame	file_id	bytes
magnesium_box20_open	frame_0001.png	1Tc08qRZDIPXiVBtzJdHL98Ih7uRY_bM0	1268403
magnesium_box20_open	frame_0002.png	138Wthop7sH3H0ySk4nUsCI1CkFcStE8u	1273127
magnesium_box20_open	frame_0003.png	129un_9c-9LK5z_i07dNZl6Ptv44bM55G	1281722
magnesium_box20_open	frame_0004.png	1dnsZx_-v2mFUv7vAUPdwZnETL62oi74r	1294903
magnesium_box20_open	frame_0005.png	1mF4fzURTIn_EA4nJ8FccDnOrVGGua7ZX	1290491
magnesium_box20_open	frame_0006.png	1_cRgxweBxSiFyZDRrEc8s8Sab0nWkqo7	1284245
magnesium_box20_open	frame_0007.png	19H5Bi29_-5pGO-f17s4ivdJCq2z8rrqz	1366096
magnesium_box20_open	frame_0008.png	11RXPKq9mhZe9-HS-7kAn0gIC5Hhzlgzh	1410155
magnesium_box20_open	frame_0009.png	1Okp5OwEt_4y5lUMSvm0dtV8huQkv_UJz	1311450
magnesium_box20_open	frame_0010.png	10rV_QNQ6yLw0CKMdwg9Mbhz35-Ac9W1c	1321640
magnesium_box20_open	frame_0011.png	1mK3XSpmr8JBkfuZkgJBzyE-AMQCwc_6Q	1397544
magnesium_box20_open	frame_0012.png	1ERqa3D1MNdTjTpCZd_fCex2j_1NkxYZW	1473670
magnesium_box20_open	frame_0013.png	1c_f7PsTSLEfmkpMMjeHdcj8fUydITWC_	1542888
magnesium_box20_open	frame_0014.png	1E4XeXLvvDuh27ifnVOWo6SfPMLaBxfdy	1563959
magnesium_box20_open	frame_0015.png	1IYZOG04XSMOesBsFsGQiq1Suw_As89VX	1602304
magnesium_box20_open	frame_0016.png	19abN4zdCibCmO9QrqKVzrVUBseN1A5k6	1641950
magnesium_box20_open	frame_0017.png	1tZUnpHbi0Hm23tOyvCeBK7FNFDhIe1zw	1627626
magnesium_box20_open	frame_0018.png	1i2uCCxNERQOnuRL_Hkh-OY6PUNmr8RxV	1591240
magnesium_box20_open	frame_0019.png	1FGOOuhCpeWtAqW80-8C6913kQ9pLLxgA	1566509
magnesium_box20_open	frame_0020.png	1hDgfBdt83ozOQGbo2dEQWn9BL5KCrdvn	1558308
magnesium_box20_open	frame_0021.png	1y38mSxyQ424uA70DOMvsGToofQu8O2UP	1554501
magnesium_box20_open	frame_0022.png	1EpnpsKfcw6fdDBl8LsquC63_iu8Nfc7-	1553932
magnesium_box20_open	frame_0023.png	1HHpvPFkd0CMcYxvOqxkFnmAFZUy6gXY3	1556349
magnesium_box20_open	frame_0024.png	1ovLmEovqSxGMPQHgkkP3XTwXPV_gpUHE	1555878
magnesium_box20_turn	frame_0001.png	1mLr5QhF4KLfL9Gsp2Mm36U0J8VHMR1sm	761264
magnesium_box20_turn	frame_0002.png	1nLtp47GwpHiLPPih53tORbZvrbJMtsPB	843504
magnesium_box20_turn	frame_0003.png	1Mt3wr-R6jvTNgyb5HZtw7iq3Ca9MQIzX	1017445
magnesium_box20_turn	frame_0004.png	15DJuk3QzWfFbh21OKcODlivMMC-oy2Ah	1106104
magnesium_box20_turn	frame_0005.png	15YL1NGGMmg_yEmgIi8au7nQW2_7067CD	1133670
magnesium_box20_turn	frame_0006.png	1SsijFECdFpxB1bDX3PjwdNRdT8lSIZuE	1143772
magnesium_box20_turn	frame_0007.png	1qZdHRKKQtv5pXKZHbwqk7qWPHMqW2Pyh	1104943
magnesium_box20_turn	frame_0008.png	13S95muelDhgcdGvLqXQRfxLwNhTA9GdB	1037991
magnesium_box20_turn	frame_0009.png	1NtyrwlwJ6ai5Tsj6wBpmbIx_aCoCfnU2	875140
magnesium_box20_turn	frame_0010.png	1qqo-uBTPwNm1X8ZLM_4h-weKfzUfUiCv	804860
magnesium_box20_turn	frame_0011.png	1H2WVxGxNJnpCkILBX47p3wGEqBY20j3u	910645
magnesium_box20_turn	frame_0012.png	1w9hZaWqbec4YhBzCthEXzO406dkqj0Lf	1078219
magnesium_box20_turn	frame_0013.png	1scgVKw1iItLmOOec-IrtCdZcdc3UjTKc	1087452
magnesium_box20_turn	frame_0014.png	1qXovc6XMHl9ru-RJ1rXe6_3TVGGW0vUA	1092048
magnesium_box20_turn	frame_0015.png	1M7PqS8nxPXZwN8f9WMh5KSuPj_Axx5Zy	1067647
magnesium_box20_turn	frame_0016.png	1oSD6CR7XzeG-X3OkZq7EQ7t6HUbYu4q-	1013128
magnesium_box20_turn	frame_0017.png	1leWDrF0BoYwcvB3VrMnOrWoUbLx3KJlt	891150
magnesium_box20_turn	frame_0018.png	1OpJQgjFmKaWhnGrv3PcVZxAt4OBSWlK0	712353
magnesium_box20_turn	frame_0019.png	1OKaduyc5qOQCw24SG5Z-6q7paJQIm6B4	705507
magnesium_box20_turn	frame_0020.png	1jkWCBITJl1w9EjfGgDNlD9y4O3cykp3g	779811
magnesium_box20_turn	frame_0021.png	1PHMoTrKaLcoJnAtP5ld1zQ9d7Cn4jc2L	964734
magnesium_box20_turn	frame_0022.png	1raqap5ItRXW59fFlMom8PpaF4fwjgu7k	1053803
magnesium_box20_turn	frame_0023.png	1Xi7uPtQcPE5HuZVkXK-FVMMEL5ssVlop	1088057
magnesium_box20_turn	frame_0024.png	1cOYWUG3BeMyAp99OqaIgi7Pdzicgjsz6	1111221
magnesium_box20_turn	frame_0025.png	17s-c7fLAQcyoyy2Q0EesJteXHEvcubcP	1074341
magnesium_box20_turn	frame_0026.png	1jSFAXnkd8aGzWzwLPAJrEKWp7LPc-vUu	1012854
magnesium_box20_turn	frame_0027.png	1D8LeKGarAYV5vc0iIfRthOtIxAvD4iTx	873621
magnesium_box20_turn	frame_0028.png	11XdwEF2ekb99bTvDOg9GEAkhDKj8SF2r	802457
magnesium_box20_turn	frame_0029.png	1V4OxxosOYV-QqLfgEqm9ywBMYC3_FBn6	911536
magnesium_box20_turn	frame_0030.png	12oOvpOokKSgH0ci08ArlBV7UZZavuQ-B	1078692
magnesium_box20_turn	frame_0031.png	1uLoPf6rMgC8N3Ir2TnCjFidMtLbZO1kZ	1117957
magnesium_box20_turn	frame_0032.png	13yJdmO9nUMjbysIfuJMxavzbyZBYAO2j	1131033
magnesium_box20_turn	frame_0033.png	1HYIW5NUo5BcqFYUSrOUiz6buoPfjcmTp	1125979
magnesium_box20_turn	frame_0034.png	1w-Wnp8-a3pUUAIC-aYCvesmpds7bzsUT	1064648
magnesium_box20_turn	frame_0035.png	1DZOmG-AYWa3XXPecZqryPk3Ua-xMF4Ng	937794
magnesium_box20_turn	frame_0036.png	1I7oXThrMnqrnR23YHiMsaAcV0E6AYFnj	767357
magnesium_day6_open	frame_0001.png	15ST8Tv20Ke2_viobjlXc7avy32Ou2XnR	887290
magnesium_day6_open	frame_0002.png	1PgQir1SnVciNwXApSiJyg5aIpSFf5agu	889500
magnesium_day6_open	frame_0003.png	1aNMGFYBPjjzC3tc0_iVQxSH6WGzhXILp	889793
magnesium_day6_open	frame_0004.png	1y3ythhpIGPxYC8wXLnULyxCyJnBCtlwq	887353
magnesium_day6_open	frame_0005.png	1AfaldV0J_3nsBSLX2HpZZmo7VZ1qXiCE	893309
magnesium_day6_open	frame_0006.png	1nQyjwwNrtdU9h9Ehx3cr-dl6vyXI0x4K	904781
magnesium_day6_open	frame_0007.png	1X7YdRUtd6GQW0nT3XSh7ebcux3noYkUI	914732
magnesium_day6_open	frame_0008.png	1T06KB-8JzQgvkdDZOyKKeJPnbP7mRGhx	912535
magnesium_day6_open	frame_0009.png	1QloVNZIYj6H6AQlVIE9wSQPJipKYrJ1B	894124
magnesium_day6_open	frame_0010.png	12EMF2WFbMhH2sldllqREnRVTuNpwT8ll	901199
magnesium_day6_open	frame_0011.png	1jREbRgMXC_om282qCGNqRtNtX9O_df8c	920943
magnesium_day6_open	frame_0012.png	1hBJk1mDxF4VD79gMdRxJxiJk4S-0OJIb	945575
magnesium_day6_open	frame_0013.png	1f1foK5mpTOCAzGd581p_BJrDjVs5U9i5	941369
magnesium_day6_open	frame_0014.png	1S8dA2g1rGbN8ZIHQW-djQUiVjvKWB1II	922005
magnesium_day6_open	frame_0015.png	1qnw6iqWollahWBataDszTm0c2ehwMDEz	910678
magnesium_day6_open	frame_0016.png	1X8My_IEKhukmRioecAFe2krGF4Q2fKLv	910883
magnesium_day6_open	frame_0017.png	19Q85Rp--FYktefDLIoJfujziOG-DTCsH	914427
magnesium_day6_open	frame_0018.png	15tb5WV69A8AHiZH0W4baAU77gxqQyqaJ	914738
magnesium_day6_open	frame_0019.png	15h04GEuZUw7jB-z0UiuMfSZpViuRPNN2	914070
magnesium_day6_open	frame_0020.png	1u_OlD3V8oN3AOOyKPCGRwTziyrJskUVr	918171
magnesium_day6_open	frame_0021.png	1cyrguZS6BaoUhWD7xliIqdVpLCHpFFph	917647
magnesium_day6_open	frame_0022.png	1tK5oEgv64QvLDTImIE8Cm2EZ-74TD1Os	917330
magnesium_day6_open	frame_0023.png	1ADILmrBqtYxUwPjowtAZ3OVcDx1INgOl	913669
magnesium_day6_open	frame_0024.png	1vU3JRWLODBxXPnkstPmzomaXWyW-jTGh	913233
magnesium_day6_turn	frame_0001.png	1yPMBzCIEoQebX0nFZ8W_0FNnm8a2PcAG	602474
magnesium_day6_turn	frame_0002.png	1j0ZLxB9X5xL6TPhK-3gMH5ZXQzmTNmky	734651
magnesium_day6_turn	frame_0003.png	1Byh8LGBbw79ZZ7zy-Iis8f6z1gZXzNVc	784675
magnesium_day6_turn	frame_0004.png	1wIwFhWL_uAAWtl7zRZZiXA-WJO3BAtrc	837776
magnesium_day6_turn	frame_0005.png	1ymYfMlIsfM2HpklgNLSmJipXIe1jlKal	842725
magnesium_day6_turn	frame_0006.png	1gcu_gqF7SjIczXkkGooitT8ISTfbvPYa	812147
magnesium_day6_turn	frame_0007.png	1_n7bkOgZY9lOot_R8LNmFUHYwUMzPpJk	743176
magnesium_day6_turn	frame_0008.png	1LjkAixBc49wcBObUKZuy0PDFujp8TMW9	629359
magnesium_day6_turn	frame_0009.png	1jNrI0bfZJixk1oM7pb-Ckf-z-pAsxvgs	521542
magnesium_day6_turn	frame_0010.png	1gTyZ3P5VBeLzuPcESB-JvVnQzroJuyvz	395656
magnesium_day6_turn	frame_0011.png	1EMypy7k_rA3WG6KZShw0vezshW97FqXT	606006
magnesium_day6_turn	frame_0012.png	1JSjgqjW2Rq64nKjVmkZR0fJp4opHLHCg	770957
magnesium_day6_turn	frame_0013.png	1UMDGDAzm3qaD8HQFe2o1hVystC2p_lF7	913509
magnesium_day6_turn	frame_0014.png	16feJD9IOl8ey7uqDM9C0MlqqcWzBhMZC	1023982
magnesium_day6_turn	frame_0015.png	1xwzXW4GkEMrMRc3aIilxGNPuO6eqPgmO	1103106
magnesium_day6_turn	frame_0016.png	1M8GoY8STAKFyTTuTpj-hTLoK63D9_Rmq	1128914
magnesium_day6_turn	frame_0017.png	1YrV_-U_XLeMuLLpNa2Wv_4cBkjSMsL5d	1068485
magnesium_day6_turn	frame_0018.png	1UWnWJ_6_Rqd5SWW9QYuhwXss9v6Hog5J	1031662
magnesium_day6_turn	frame_0019.png	1i4wUnYzqjglWUjpTANX-WX6s7zn7QilX	932239
magnesium_day6_turn	frame_0020.png	1NPC7DkjnnEQIYT3U4eZhENwOvuCQV29p	1061253
magnesium_day6_turn	frame_0021.png	16FNlhHuN5l0r8YJ9I451QoNmdRAhQOrD	1092563
magnesium_day6_turn	frame_0022.png	1VDYidYsqJLsSrzN9O7aSK-2AJrODMVYK	1106971
magnesium_day6_turn	frame_0023.png	1intPd2qET18iccTIfDnAUhBRzgGvbuGW	1074326
magnesium_day6_turn	frame_0024.png	1DQU8D0b_u8-7NZPbWAk_ko575PUeySYf	997256
magnesium_day6_turn	frame_0025.png	1k0GLzSrJj_MDnFxA4zyTsQaB3qNxeoH0	880805
magnesium_day6_turn	frame_0026.png	1NAbRxVVAiLrPO6RQdMoO4yMjHpTACbSl	707509
magnesium_day6_turn	frame_0027.png	1AIZj05pyOWKmeMuH9DmOD-O35yM-QOP3	537905
magnesium_day6_turn	frame_0028.png	1QLbP9VeLRZuRX-jXSgj7jghk6Oyx_-2j	325288
magnesium_day6_turn	frame_0029.png	1EhuBArS2fB9f9YclStSanO9JVYAzRZf1	506479
magnesium_day6_turn	frame_0030.png	1qe3rHR8an4YvLFFm_sRDmtbqM4SAHywc	619099
magnesium_day6_turn	frame_0031.png	1L2TnLSdmK6vXClXYPRkIjiZ35846FYXh	710650
magnesium_day6_turn	frame_0032.png	1SO1LxVCaK2HCVdhrB9YcKk-542TiPMvr	774618
magnesium_day6_turn	frame_0033.png	1x5tg5Jugx3N4pdfPTgyON4s8PKvJZS6d	809719
magnesium_day6_turn	frame_0034.png	1MARUhfCwlkN6cKa4wg9QZ5L6hxl8IMEv	805762
magnesium_day6_turn	frame_0035.png	1cRggBIUXDprExqPcSNchjHJ1KiWHiO3E	699585
magnesium_day6_turn	frame_0036.png	1s0uAaT88PHTxG3dDxM0SDxnKH3wzDRdL	658248
magnesium_stick	frame_0001.png	1Sq7Izv3zW93av3A-egbsu2KycF933Ask	399758
magnesium_stick	frame_0002.png	1t4U2HYxUPbxHVpRnHKGgrUGSxuT6a6fU	432049
magnesium_stick	frame_0003.png	16JWr3juj9FATTZUyHvHQz-aBKO--16jn	428250
magnesium_stick	frame_0004.png	1O6bDmB39UAvAXRQzSfKvCRTBvpc9lnI0	426373
magnesium_stick	frame_0005.png	1jmsBKXRghJG3MuGFJYk1agkNIkql8EyP	407648
magnesium_stick	frame_0006.png	1HDEbmkrRd0cojliFS3zJYdRinByaFUsr	370994
magnesium_stick	frame_0007.png	1xJV_PGMXTsf_-NDghWPEbLSosEmf0EpH	316583
magnesium_stick	frame_0008.png	11790Ez6THpZEvKnWBmQmks4OJwtKK3Zv	246347
magnesium_stick	frame_0009.png	1xE0G8GengxBrMERyVfAcBkisRGV_sya6	156048
magnesium_stick	frame_0010.png	11VpjB_Q30XqGwfHLS-yyxOgblgLDoLtj	70680
magnesium_stick	frame_0011.png	1PQn9A9rufvxaGoj0EWDEwguoIOuGdsfV	152735
magnesium_stick	frame_0012.png	1dbPgCkCxhdnqeNmipA8k5NYuvon4IpdX	242108
magnesium_stick	frame_0013.png	1QadzHBuGj-NPVrd_0ZUJVCXNqWXGuyia	301138
magnesium_stick	frame_0014.png	15NJeg4jyjHZMAlsqRxd41oklQdRb-Xr0	341848
magnesium_stick	frame_0015.png	1i5D4II1RBlcjzummMHlDNDH8x0jX14Bb	365848
magnesium_stick	frame_0016.png	10yVLdRPQjvRBRjdsCwt5nBLXyPTfVXgW	362697
magnesium_stick	frame_0017.png	1HZXoG46OPXRr4Fmicvl_Txm1EIC5M1Ve	349198
magnesium_stick	frame_0018.png	1IwSVnX7evbPAvOywjA7p-YhtKbEvCnAC	353359
magnesium_stick	frame_0019.png	1QYHFsA6d52hblSaHQ4zQy5TRisSOFCQG	351984
magnesium_stick	frame_0020.png	1c_Ud2IiNkfhxlfKuVX40yoCEZpsfxj8b	384784
magnesium_stick	frame_0021.png	1tLD6Qn4v_fTwf2BYDecQEz5TWYiY-hK4	376946
magnesium_stick	frame_0022.png	1fkl-GMhSPsFxa32L1F45kZ3U_ScaLm4y	379081
magnesium_stick	frame_0023.png	1ALFCiBnTQbSmGCw5ZLpUH1cm3bW9EX4s	365484
magnesium_stick	frame_0024.png	1NIXQp-m2rqoG8B-k2tHCZKezJs2F3oru	335350
magnesium_stick	frame_0025.png	1ic4pZUClSLc_RdSLpc3GTLWnuS6wTsB9	288320
magnesium_stick	frame_0026.png	1NhjnAIvgI-73nYHOQmLf0_ryQD-idIao	226224
magnesium_stick	frame_0027.png	1y_n4aYILqPY-0PlwgQdkjbOjsFUOf2uB	145650
magnesium_stick	frame_0028.png	1l7JR7G6v3--h4Ih9J8KAJmMRn7F-h8_j	71307
magnesium_stick	frame_0029.png	1CvMTHdaK4O2vAeT18lx52BnVy5puWF3J	161624
magnesium_stick	frame_0030.png	1M5W96lIirIiQ_Fom0PuoQnPvmhnnyUMk	259288
magnesium_stick	frame_0031.png	17-XHslto6rK4fED8P9Kt84bRltl3tNxr	331030
magnesium_stick	frame_0032.png	1MGvGRv7Yrax2vZ1ezBmJf_2PPeAnVPxe	379637
magnesium_stick	frame_0033.png	1OdluJqHBlluA8Yj01IQPgAQHbdzjCkX5	409771
magnesium_stick	frame_0034.png	1fmH9vUU6MsfFfeH-94-aos4CU4FFuR0i	412827
magnesium_stick	frame_0035.png	1wojdv5camJ8yoCxmPr_vr7L07GtF_jG8	403513
magnesium_stick	frame_0036.png	1LriCMszAfpbTZ6-FDPW44djyDq4SdWvh	403636
potassium_box20_open	frame_0001.png	18cTx91x9vGZGRzwu1DJXweJ8FlUAXL7x	1224065
potassium_box20_open	frame_0002.png	1hOVfEbH4J6-9CWnS_B1POS6-WQ4om9W9	1228268
potassium_box20_open	frame_0003.png	1pBq68cIAZ_jKI8HW_j3kBGhvxK9r2bOF	1232843
potassium_box20_open	frame_0004.png	19aLgtPm6xPhritzC0fmA7F8fkJGI69HZ	1244064
potassium_box20_open	frame_0005.png	1nSF5ir3aDgdlbEEyLcxhr2OJyv-9wpSN	1239571
potassium_box20_open	frame_0006.png	1DQ9GhQwjz__fjF2dNE9T1-Tb9XD_nNkv	1230107
potassium_box20_open	frame_0007.png	1ApXYLUFEkZ8HIGbmGkRa-JXXAjqpM1G2	1307476
potassium_box20_open	frame_0008.png	1Zi1jHonrBlLTwPZQksq_a3W7AzT9xEBj	1325100
potassium_box20_open	frame_0009.png	10Tqe1vSt9fDN4iEZymGKaJjXRbqy3XuI	1175495
potassium_box20_open	frame_0010.png	1OvlBfUQC2QnxDOYPPM_bswCvOwfccuPC	1197933
potassium_box20_open	frame_0011.png	1lknH24kF-rcXkIcrHUPb6aW53k8OCeO0	1275505
potassium_box20_open	frame_0012.png	1vYHy1c8lWmiI2950JzyxN-SvOMnNGHk6	1344703
potassium_box20_open	frame_0013.png	1aX8x8F1oGXbP-ywHk85TcrFy_STaHYBr	1413271
potassium_box20_open	frame_0014.png	1BuxMDdGwfR900IK69J2Qj6C09V0ODi3O	1459779
potassium_box20_open	frame_0015.png	1TxeL6F__ldACYtVD-C01H8Z6-4cBxRWY	1511751
potassium_box20_open	frame_0016.png	1DzCdS--NkUFwEAbnSivMfXl6yaXWouAN	1542656
potassium_box20_open	frame_0017.png	1WqpR2jU0GrffLtUPqheD3dni4bxCyy7E	1516748
potassium_box20_open	frame_0018.png	1p31kCoOmC6Bki0b1cniUyHhATbgCyWYo	1494898
potassium_box20_open	frame_0019.png	18nPpB6qABimDZZRWSAAT5Z9egJskPJya	1468596
potassium_box20_open	frame_0020.png	1ndrMbj-nEiIetuLII6UWtwOAf1aVugsP	1462578
potassium_box20_open	frame_0021.png	14TTANv_p-RG9t6LxkZlA00pxvPT6V6Pu	1459442
potassium_box20_open	frame_0022.png	1Cx0KcLaS2ds3dVIf9VF4Lpp22CxGvLwz	1462960
potassium_box20_open	frame_0023.png	1uc894gWKF5-o7lL-JkNO--TgMbIAIhLy	1468572
potassium_box20_open	frame_0024.png	1Z3AHqjfY-G4bZZR4sgB60PEKNU8JxtwP	1470101
potassium_box20_turn	frame_0001.png	1L2R99sHQJGR_9x6f-ngZeYSKoV7a0hRg	744026
potassium_box20_turn	frame_0002.png	11241HUM_ElAGYQsb_iiRh4Ol4Tq6gE-I	815932
potassium_box20_turn	frame_0003.png	1bPV7bd1UiagDjKvNR4eEwMn_zP5cgOSL	974897
potassium_box20_turn	frame_0004.png	1luk8ouZUtuh-XwERhhqKT-Wmb2-BUMWY	1043812
potassium_box20_turn	frame_0005.png	1DYL97z5T9g8PjY_-GX4l7lwg2hi-A7tO	1045411
potassium_box20_turn	frame_0006.png	1YFGD2LANQczNcZRs0aM8yl0UbZKq2N_i	1059322
potassium_box20_turn	frame_0007.png	1fcr7GZXW97lizPgXkfe-EUeZkJfU1sF6	1014449
potassium_box20_turn	frame_0008.png	1NBsz3KfPTtKEJpZhpB3V34mM1V9dLsu_	927933
potassium_box20_turn	frame_0009.png	1jfcwbkqB4uriN6c0q9GeKCk_bIlvL2_J	756246
potassium_box20_turn	frame_0010.png	1CA_IVXh1HWYbORZ3y8xthMYYSSwRxMTf	691410
potassium_box20_turn	frame_0011.png	1UlrSlIoAy6mfvmMi1p_PtJWdq8-zdOhj	795837
potassium_box20_turn	frame_0012.png	1BlzICqnl0AY_y-a9IvvO13CiVNUi_PtU	972272
potassium_box20_turn	frame_0013.png	1a4_dD-3grAcoU8O48xT1LRSiNEbKXIvo	993995
potassium_box20_turn	frame_0014.png	183rXnR78zZNGykbR7kbfYUiTm6kBMVSc	997041
potassium_box20_turn	frame_0015.png	1yfaFFSH1W6nuo01qit-UEFTxlInPuSbP	1006693
potassium_box20_turn	frame_0016.png	1HlbQ87t5Q0woH6VLOrl0W0jqa3OsU3Nq	973048
potassium_box20_turn	frame_0017.png	1QjnzUarNIpO1fy_tQPEQ7O-sQxPrn8os	873741
potassium_box20_turn	frame_0018.png	1woxDttzEYEXhTJUINv8az2hXhnm0D4A1	699046
potassium_box20_turn	frame_0019.png	1ujufJsIwtjz2vT-19_lEGZNnkuFWu4mr	680438
potassium_box20_turn	frame_0020.png	1Fs9_nxbncH-IihfmA4AoFcCUyVUwDepz	737230
potassium_box20_turn	frame_0021.png	14TQ2s9G9SeZnuxXUedB6ZdEwT_Q9la7t	932287
potassium_box20_turn	frame_0022.png	1Pvr6IRtR-scGS0oImsTBf6EupM0-xl4z	1045984
potassium_box20_turn	frame_0023.png	12oQDGGRJRBT_DknE7ztrEz14TdFS04sz	1084517
potassium_box20_turn	frame_0024.png	1Sjl3wJ--0vRFasBcToh-Qu8kq6na4jRY	1144432
potassium_box20_turn	frame_0025.png	1PtEiFXvzyTqJ2uJsKccH5opoRrWZdFWs	1136109
potassium_box20_turn	frame_0026.png	1IXK_XoCBp6Lly_OhrdjJvd4Uwbtx3G5F	1089910
potassium_box20_turn	frame_0027.png	1V6I_ej8BbYqAJ5-yYN2efeifHM8k7gfY	939346
potassium_box20_turn	frame_0028.png	1m8uUXtu0AAECc8yzcaJWoGcAs8QAf4OV	840197
potassium_box20_turn	frame_0029.png	1U7DbKpHB5rObcDZN1Q0ay0PsO9Yvijqv	955771
potassium_box20_turn	frame_0030.png	102cEVq9JVx6hj5Mt673wv1U7wPY8GGBj	1117130
potassium_box20_turn	frame_0031.png	1X49d7LXdopiGvlpUzLw0qYSWGKPKqaPR	1163285
potassium_box20_turn	frame_0032.png	18aZZnP6cnr9UobBRyBQiFpPgDKr3Nm4k	1161792
potassium_box20_turn	frame_0033.png	1bfbN8wxpUgZfVy9OQR0YKHtMzRxfLNIN	1167014
potassium_box20_turn	frame_0034.png	1ChonERsbx-Q3UzdPbn2-9IoaUxJvbb_m	1104965
potassium_box20_turn	frame_0035.png	1Dc0ZfGl2lOcmsWe8iFCLRrenblUkZjZJ	956861
potassium_box20_turn	frame_0036.png	1nu3JVWRSU4fbhYsz9vRqF6oEHFCFaKnD	774787
potassium_day6_open	frame_0001.png	1CGDo6khZbNLU13495i0jxTo2umyKD6hd	833451
potassium_day6_open	frame_0002.png	1dGVLI0neCwxIlSq4OTtrRgUoTc0I6mS4	835047
potassium_day6_open	frame_0003.png	10D6cmHVPBVLve1zqfLaHxbjk3_NgsHdx	836108
potassium_day6_open	frame_0004.png	1lkVglQeQlz2tf2mo91RIGum6cp_Om2c-	837870
potassium_day6_open	frame_0005.png	1SdKghXAD0ggpySw_j4-jzxVJAKoFgEHL	840633
potassium_day6_open	frame_0006.png	1Gyp0qHMyoF9VybGDVPyt_GT_A8rvPpbs	850558
potassium_day6_open	frame_0007.png	1u0TwEU5vXhQJs2Kj2lfbdCKTGsm7NFzE	858811
potassium_day6_open	frame_0008.png	1_va4Dya_EDmVXqN02BSuUUcAdM-c0R7Z	834446
potassium_day6_open	frame_0009.png	1iP3sp6K98_my-ntv-3UBC_pox0Cf3m7q	823122
potassium_day6_open	frame_0010.png	1L1TlHJShMLwOQW6-DqapoAqZSU3bbPe5	831868
potassium_day6_open	frame_0011.png	19HxQ55aOBPtAXF3V52lB9ZHQEGYaUphP	853801
potassium_day6_open	frame_0012.png	134yzjBgFNBKKsGCuNBD5O12fyS1a_16G	882767
potassium_day6_open	frame_0013.png	1hI3GE81ETag4cgL7D1wcnjuLs0iEs6hJ	889181
potassium_day6_open	frame_0014.png	1Ad4llDLnyZwJcNzBm1IhLNymQQBwq6ZU	873945
potassium_day6_open	frame_0015.png	1ein3USVPfwKAqUoYx7pbvxJ6gozgVwix	860863
potassium_day6_open	frame_0016.png	1ckZ_kFpdbV_pFRNzu8L0SU-v8maHft_p	863853
potassium_day6_open	frame_0017.png	1wnju2AY3pdQDSsgdrpQO_0n6mnOG0e7h	867382
potassium_day6_open	frame_0018.png	1g0E9ikO3hfcKyqw-SuaAJ4O4ZQjjaXWa	867560
potassium_day6_open	frame_0019.png	1-EtqfOYzzcpEcUUXLnfv_SDP5Aq-8Tw9	867830
potassium_day6_open	frame_0020.png	1N9Wt8xDYeozddldVJ3o2UU3BO54LrgAu	872267
potassium_day6_open	frame_0021.png	1sO-A2Oq6OLp3hD_yIusBR4-mUJawziXo	866559
potassium_day6_open	frame_0022.png	1sfd6IF9QLhPn_CL-_KP0BWjLQNFDowYq	866145
potassium_day6_open	frame_0023.png	1X8NVmvNnCp9ODB06KntzavBZES3heOWc	864993
potassium_day6_open	frame_0024.png	1MhBTcyBqowE_1VGB0Or62DiD5j5z9cLe	864966
potassium_day6_turn	frame_0001.png	1VJJNl0VgNTvBIxFGg-_lHSJiW4F-zXZm	574657
potassium_day6_turn	frame_0002.png	1NhssexP2hm1Eq5g42KJcZyaaWQDuHvgQ	689308
potassium_day6_turn	frame_0003.png	1MuWBrrJWIW2X7AYhnbBh8scvizsOZB9l	723302
potassium_day6_turn	frame_0004.png	1lir4HbicAqTNrtmr3uNqR04feSbHBOxA	794816
potassium_day6_turn	frame_0005.png	18Ulw9UgFjIPiVQiWlQiynHKrI_WUsdgS	805353
potassium_day6_turn	frame_0006.png	1z752n9RFIjjfV_ZfIXiVTi9Bd_fbSiy0	780141
potassium_day6_turn	frame_0007.png	12-U094SaClrKFBJISHsExOJbUd2OjXyE	726730
potassium_day6_turn	frame_0008.png	1IhvTRYg5jEEeEBQgd3YcMKH27cNEf-j0	619323
potassium_day6_turn	frame_0009.png	1kLEhhIC8X6e3Ox6YZLS7j6c2F5rFu4fd	506539
potassium_day6_turn	frame_0010.png	1ARbulCo4erdxT0gWV-jsrv3Y4l21FGt3	389725
potassium_day6_turn	frame_0011.png	1RCDWSpuKvowOOwIwa1rFqoyB_irYD2qr	584458
potassium_day6_turn	frame_0012.png	1kU8uvPrFJcLmTvfbuoSlwYrbgI3lH8FM	745405
potassium_day6_turn	frame_0013.png	1H9gltzSkXg-TUe-uE6_Lzhq-E9XeleqL	897407
potassium_day6_turn	frame_0014.png	1B_KGkXj4hrNQpgGz0vcnme9vY4pyStmq	1014298
potassium_day6_turn	frame_0015.png	17t6C-f0sjcbuK9Qoi95LQiZ8__uaMGb4	1088914
potassium_day6_turn	frame_0016.png	1lv9ZmnBwGb7lhMP4RxaUiMFHK2G2gM9_	1117851
potassium_day6_turn	frame_0017.png	1VTItPGnvfi5Z8Yq3qMKuTI91v_jFWM_F	1062881
potassium_day6_turn	frame_0018.png	1cl3oiGyDqulzugBe8vjudjT3L13gFDR2	1011482
potassium_day6_turn	frame_0019.png	18SAYrGdFZkDax-LgkOTzMM7ewpN565KW	883148
potassium_day6_turn	frame_0020.png	18LPULKehOnbh1bQhEKjj6TuxXxxPI9F3	1028954
potassium_day6_turn	frame_0021.png	11feRpT_wVrL_d9e12YuA1suDlt55NGv3	1056561
potassium_day6_turn	frame_0022.png	14RoNAYiCH5OoiecB0QXhfNkLJWK9MzEb	1095598
potassium_day6_turn	frame_0023.png	1L3858CbrpTF-LPZCOq73Ok5uh4dCJlrC	1068496
potassium_day6_turn	frame_0024.png	17ORQypDuuZsTkBoZY2ud0oYievvuAXwn	996328
potassium_day6_turn	frame_0025.png	12wQecXgOMmiI0zhZsGqty7KgrjJ5nFJI	889404
potassium_day6_turn	frame_0026.png	1Kt9jTHp-iaGPcFGdD0l58XLPO1OdqRLu	720156
potassium_day6_turn	frame_0027.png	1p3sUgoXll8xBo9hpoJTi6rGZNWRbzqiZ	546048
potassium_day6_turn	frame_0028.png	123SOi1FYB6hOUKCMaQvYZypUw9B3nCOe	348519
potassium_day6_turn	frame_0029.png	13aGEHu5hmhK0fkrApyLv_5zupkjlUSJE	505892
potassium_day6_turn	frame_0030.png	1On39p6hcyTp_FUkoGOn4yuYoFeY1cM2h	613041
potassium_day6_turn	frame_0031.png	15M2PIbUh6aZ3IvEdJIHJSJ5-_2Huv8lW	714083
potassium_day6_turn	frame_0032.png	1Yqu_8ie9k4S2nRnZ0Aau10kJpjnROFn2	768279
potassium_day6_turn	frame_0033.png	1uOSCxaT67dsJV_KyIoEoFihIZ5_zbm1A	810501
potassium_day6_turn	frame_0034.png	1Zn0Q-cwXW18ZMi5fXymvW9MHqx8GSxYB	804195
potassium_day6_turn	frame_0035.png	1VLIV9gNh7Cei9UTTtyTLRbetr2GFQHEp	698772
potassium_day6_turn	frame_0036.png	1-fyC1vU1nNHG7TlZzD4LeLXyAtHAgCWY	638275
potassium_stick	frame_0001.png	15BxxjOSqEeynJ4UbTwS_8tnK-86ExQlZ	405320
potassium_stick	frame_0002.png	1kKfUl0H3BhFT4IoXwFnfSyQ7Vfh_Ve3p	438405
potassium_stick	frame_0003.png	18beGSHZsJHK0waOSBvcK8m5onMLoiKXH	432954
potassium_stick	frame_0004.png	1TPTATnXiH5B1xdsa5r4R45J_Pv7WjA9y	429586
potassium_stick	frame_0005.png	1ANcMHg0l9vDR2AxaeGyiLZtRaaX8FzL6	410700
potassium_stick	frame_0006.png	1UJ-xRF2sMs1pWiDCOjQ4OP8DwFSPq7pg	372714
potassium_stick	frame_0007.png	1SSqAT_UJ1hhC5Lr5LrC778ViDBet7Joo	316963
potassium_stick	frame_0008.png	1Pr9n2MGZSuM8TyrQVL5OtiWQwZmRnyo_	246089
potassium_stick	frame_0009.png	14tX2tmlGDMeaTuwA4FV0_r3O9C0B52jq	155116
potassium_stick	frame_0010.png	19ZGay-XgdGHLUyEaelXchsAT8gL6N5VG	70652
potassium_stick	frame_0011.png	1QfX2-m28zTB7t1fRH_caca3Scn5IjxGX	153318
potassium_stick	frame_0012.png	1AwpjE-XuaYDuqpT6_nIA5Ur_ivVTUSZG	242952
potassium_stick	frame_0013.png	1vGx0t7BStW-Zu67vo-mFhyCbeoQw7roS	303122
potassium_stick	frame_0014.png	1kELklQXTHqw-gFJoKBagHLQJLH6twJOG	343768
potassium_stick	frame_0015.png	1SfkrF-rK4CUV7xHaG5CS7bIdMYjvul-M	369156
potassium_stick	frame_0016.png	1pQQKB30VQj_QR-XdfJOibSTvEZJlFZav	367662
potassium_stick	frame_0017.png	1SARvcs3epXFX0jVMuo1wkNay9pcGLN2y	355536
potassium_stick	frame_0018.png	1AHvBpsvgue_dxwNE_tUENfypCst2v8Ow	358879
potassium_stick	frame_0019.png	1GOSwWzSTIv2174sBfi722x3DjmLlBhU0	357762
potassium_stick	frame_0020.png	1chmh8XAZWW7ROqK3Fhs_Tsmd4z-Jqr7w	389924
potassium_stick	frame_0021.png	1nuRFTEOLA9vwSKu_4j3rWbaQYoq5Fsvr	383234
potassium_stick	frame_0022.png	1U6wrxmJ6aWBNWNFyrL5qUF9Lgko4rRM5	383826
potassium_stick	frame_0023.png	1ZX2vilEGP5SvDjPER2DRxdNTrtzqDZVz	369715
potassium_stick	frame_0024.png	1ZQiORulfrOlTa2GqBUkwwOAmKHkVu8PH	338871
potassium_stick	frame_0025.png	14iw2qO8O4_CC0pLkO7li0nrF6_25a3My	291133
potassium_stick	frame_0026.png	1ph0AuMINqXW1CoW1hgvu7SLJlaZRMhlX	227972
potassium_stick	frame_0027.png	1zSeUALvRRvYW_O0b4e0xbY_Uqn4XOgM8	146259
potassium_stick	frame_0028.png	1Ll5K6UxZqFgxw7f3SE-NFykj7_CrlIeO	71348
potassium_stick	frame_0029.png	13HbCEEp4VpVYc3I779fIdBLg19mJK5m_	160906
potassium_stick	frame_0030.png	1705jMVIXS4fucteFKW5mm3vjnvSsdNz4	258483
potassium_stick	frame_0031.png	1vHUM_lDIjuPsw1Bcbq8JnKEx3Myc3ofh	331195
potassium_stick	frame_0032.png	1birH-WqwCsSpizUe9wR526NzPq2mwiY-	381632
potassium_stick	frame_0033.png	1Yaszf1ImkSSHSFoRrSe34zLp8Yni1Xz2	413510
potassium_stick	frame_0034.png	1vr-51KhWz4L_yIRBDLnwa9ERWsMJUr0_	418808
potassium_stick	frame_0035.png	1v6JEpTUS20R5fylYgMnHhwCRC-25S6SA	410712
potassium_stick	frame_0036.png	1FGyuDi5DEj69NvWnDpqMd2j2p7yzT6hl	409607
vitaminb_box20_open	frame_0001.png	1Z62yL1DM-LHJnWI5ZCThfknlnSpumFik	1257814
vitaminb_box20_open	frame_0002.png	1MbYcuUNPhEs86jVnSFhVLWL6rRy8awFj	1261642
vitaminb_box20_open	frame_0003.png	1mFcl3gTHRRSLV0KgwHQYMz8qRixYLxM_	1269271
vitaminb_box20_open	frame_0004.png	1yYepmRiPoi6qRRwWW5y-lFoDBn1DIfS3	1282703
vitaminb_box20_open	frame_0005.png	13_Dq1VztR5NepzWsK4uTA5OIAINlLGrU	1277953
vitaminb_box20_open	frame_0006.png	1RP-D7eb8K3tAuq_i0muXqf2cQTY6VNWd	1273284
vitaminb_box20_open	frame_0007.png	1bJqD8VUEA10U9UMNT1as7SDDNujLv56Z	1357668
vitaminb_box20_open	frame_0008.png	1pJ8bIi8BRmXHuX1NB-9VWmGhYUyww7r3	1402751
vitaminb_box20_open	frame_0009.png	16kmEO2OHPDYEIN8Tt9aFQ8g2fLyW3d3m	1302549
vitaminb_box20_open	frame_0010.png	1m_e0_0SzEtHHaikmK5Qk8j-7Fa3v173o	1313922
vitaminb_box20_open	frame_0011.png	1jVbfjIRQh8Rdsyfl4Ks2XOsyCgS1AhzD	1388564
vitaminb_box20_open	frame_0012.png	1a8F47Iw7a5ngSSKJ0LbyIhI_lixV1m6t	1465560
vitaminb_box20_open	frame_0013.png	11WntUVJJIF-eJerNk8ChIaoKKicZc8pg	1538026
vitaminb_box20_open	frame_0014.png	1FJR_jHm0gYAeBC7luvykN_0mgMt1YxUa	1564189
vitaminb_box20_open	frame_0015.png	1QZ6OwfaCwd8YYaeks2gNNzA1cyT2-Q08	1602081
vitaminb_box20_open	frame_0016.png	1GAOUpzQthO3FkLvaIEcgnraUYkKqvONx	1641535
vitaminb_box20_open	frame_0017.png	1bcKF4q0LWHuoQKcJurE7X4aDAnglLKes	1627367
vitaminb_box20_open	frame_0018.png	158u-DZsWAuKV1Nh2wijmuMs_gY7eISZj	1590941
vitaminb_box20_open	frame_0019.png	124fvjmPu4TEteK_QRZ5bh-qErWAWsD8n	1566135
vitaminb_box20_open	frame_0020.png	1Gfmt3ZTuxVNNFneKLzPBMeW8flp5_v5w	1558057
vitaminb_box20_open	frame_0021.png	1pK1TtZnhdTAGpTQeKaS4SXV24cKkb427	1554326
vitaminb_box20_open	frame_0022.png	1CUNYbwXx-Io9bBzHW8yx3nuEkFsbInV0	1553658
vitaminb_box20_open	frame_0023.png	1QmRb9ZF_023RbNLGj4wyAn1clIqHjiRg	1556008
vitaminb_box20_open	frame_0024.png	1A3nPz8kpxsAgrbqnieoAgRnoO7D1bBss	1555548
vitaminb_box20_turn	frame_0001.png	1dvIZfXwLOYnlGKooja7bfeMtlta8QMrG	745711
vitaminb_box20_turn	frame_0002.png	1sK-_DsbRIh_xCwzwOKcPrIWe_XMNihYJ	828871
vitaminb_box20_turn	frame_0003.png	1AkbLmM6_2mTln-KHDo0tdw70TlN5ihDd	1005037
vitaminb_box20_turn	frame_0004.png	1-dMOEVd75ZU8gIYqdzLLitZJPMSPQTaN	1095626
vitaminb_box20_turn	frame_0005.png	1gfHpwnCOs5Gbn4zkK676prBB7iQGUbEg	1123790
vitaminb_box20_turn	frame_0006.png	1SLsj2Kn9ZbnIfQS0crcXRmYg1OFOzk1i	1135530
vitaminb_box20_turn	frame_0007.png	16JGP-MTi1pWnYib1_dwHxIg9q6EHe_9E	1099498
vitaminb_box20_turn	frame_0008.png	17Lumul4rncAv1uaW3Ylv3VjFRC7Af4hg	1033136
vitaminb_box20_turn	frame_0009.png	1VO3pRAuHQ_bDHEoJNS-bWol1wSse96c_	870984
vitaminb_box20_turn	frame_0010.png	1GkP1H4_-tk2_QrtXqLNuWKG6c6wch79a	797522
vitaminb_box20_turn	frame_0011.png	1967itBdWW0X3yoKhtDmKyiwCqczFqkQt	906714
vitaminb_box20_turn	frame_0012.png	1ApsZWXmnxxvKSJbMYnNEgaHPhO0vQSPN	1074418
vitaminb_box20_turn	frame_0013.png	1D6xOS8hdgAM8ojqG3GwC5tSyCYzTufju	1088045
vitaminb_box20_turn	frame_0014.png	1RLDWY613i14qTYEyBzkdwFZrEPp02FTi	1089157
vitaminb_box20_turn	frame_0015.png	1Z9UxJ7hgHvl-aqDT_2PclrF-GseD_FXQ	1065841
vitaminb_box20_turn	frame_0016.png	1aX25G-gzsX8-2CgfHnQxKXaKYfVZ8pfM	1010752
vitaminb_box20_turn	frame_0017.png	1L4eabFtLamYVJuqSTczN7hMUgzLauLKp	888907
vitaminb_box20_turn	frame_0018.png	1ynoPLELafPM-V0uhYUqQDJdJidowpIfq	708950
vitaminb_box20_turn	frame_0019.png	1jkM0VoG-2UDaDT5eplyKjg4F-CYXDVRF	701243
vitaminb_box20_turn	frame_0020.png	1I_hBLiXiTvMn4zrpi0G0URwJgZB7J3aa	778220
vitaminb_box20_turn	frame_0021.png	1_JJbTPKHTkzm6OYaRe2g7GMalGR_8D1e	982915
vitaminb_box20_turn	frame_0022.png	1pnrzCs59-_wmLikHlOLvd-Wt2Od_Xrnk	1098466
vitaminb_box20_turn	frame_0023.png	1vOl6oM2sofL0jcJSlQQzRqkG3maOuMVv	1158216
vitaminb_box20_turn	frame_0024.png	1qrxVF68h5VGs8dh7ovHAAlSQSYw2WCAV	1196041
vitaminb_box20_turn	frame_0025.png	1oK2ZI_Zt4QBHCqQUUhmN6LJTBQUd5EYi	1174991
vitaminb_box20_turn	frame_0026.png	1bn3OHVHEx9yFWvhIcKMM53U9pTKeGLUi	1126214
vitaminb_box20_turn	frame_0027.png	1jKYdlDEfLCjNxVKARufdjKqBQjwzyqhp	984719
vitaminb_box20_turn	frame_0028.png	1cdgUDtHcdajMYeHxCZP2o7X6Lkeh76yT	891065
vitaminb_box20_turn	frame_0029.png	1Wq1bEApTAcAaY8yxjZqrOkceg1BEj2qp	1010176
vitaminb_box20_turn	frame_0030.png	19uHHOWR3bS8RBW5ArxYZ3heW7dpS0FA2	1162146
vitaminb_box20_turn	frame_0031.png	1uAcJBWrBHTNGEEKcRfKTQIP4vZpg3ep9	1199394
vitaminb_box20_turn	frame_0032.png	1BaafpO7Zgq29vCYhDz4miLywTGKYVG94	1195235
vitaminb_box20_turn	frame_0033.png	15_AmeCzSX0bqWaWm8PIiL8WYB8fRypEA	1176256
vitaminb_box20_turn	frame_0034.png	1rdgZbmQdHR9zd-8tCkHLbF6yQp2qQiKd	1091998
vitaminb_box20_turn	frame_0035.png	1A95tw6h_3yo0jyUWck7dr5SqU6mWUCO-	942145
vitaminb_box20_turn	frame_0036.png	1DimYjFm2DfaF7ar6xcwzEVekVsTsc61E	754532
vitaminb_day6_open	frame_0001.png	1wI6DoN8b7gEZpxxq0wz8ewXC21ActBhV	889460
vitaminb_day6_open	frame_0002.png	1pw6Lq-39EesFQi-MP-zfWzmHFRXHr6bX	891463
vitaminb_day6_open	frame_0003.png	1c_vEo-hEEciftoWygAORcB8BbmymugUW	892003
vitaminb_day6_open	frame_0004.png	1G1sOszbPDf9dthnONK_wnBoVuOFIeERd	889825
vitaminb_day6_open	frame_0005.png	1ZBbZBNv6m9_fm9chccH2P3v7PcAL1H9f	896003
vitaminb_day6_open	frame_0006.png	1sY0aHFZROtdrDofCGJfvuqKNWGsL0qNs	907152
vitaminb_day6_open	frame_0007.png	1qVLx6q_yBoqQLmfVB2WSwQuSvQ20b7P-	917145
vitaminb_day6_open	frame_0008.png	1YGrRoM6xvcGM_fDW98BXvVgSwcNi-Vsb	914932
vitaminb_day6_open	frame_0009.png	1huhdaDZ3vLE_eyDBTeEKj139QsqmroRN	897309
vitaminb_day6_open	frame_0010.png	1nZ1k3TZFzlPCaAhpFyZPpX9xZiesWILQ	904276
vitaminb_day6_open	frame_0011.png	1mbPZqKRM8v1vNv1iccjNqy-Tezd2q0OK	924515
vitaminb_day6_open	frame_0012.png	1C98dp8Ymv7AxcjpdlwPf8otrXBRmz15j	949579
vitaminb_day6_open	frame_0013.png	1HiBwpCIzH3AuY1aE8HRkeMbtkd6ukgs6	944780
vitaminb_day6_open	frame_0014.png	1eUV3nUM7379Eiw0jOcgI9TzTtHwHX1Ux	924763
vitaminb_day6_open	frame_0015.png	1VXXkI4hKNihpyQuNY6eVG-C5GXxOj4QN	913054
vitaminb_day6_open	frame_0016.png	1yWhNyxWiZHKZKAXgwqu-g9hF34oSh7bJ	913279
vitaminb_day6_open	frame_0017.png	1YYp7PLwrrULywzn_SARyJGJBH0Oba8EB	916876
vitaminb_day6_open	frame_0018.png	1X3z5l8vStnmsSRajVavInV4RPQHKIXiD	917156
vitaminb_day6_open	frame_0019.png	11rbUM3hslNfn-_wDuj0tKr-7aCM6bLMk	916354
vitaminb_day6_open	frame_0020.png	1SZGvMlwquxuh9fYfzCZtJFiuxenf0DeJ	920568
vitaminb_day6_open	frame_0021.png	1pPBywS39Usjz563vBmYTGeGMBujx6LLM	920000
vitaminb_day6_open	frame_0022.png	1VniQ7BGWbOrucTbRuZqCvXumdw5vIqNp	919833
vitaminb_day6_open	frame_0023.png	1vgiWd0URnahU3mluQwKoa35YCLyO_9OP	916076
vitaminb_day6_open	frame_0024.png	1sLJXJHZRJrdUAcXVDfhYMdSpX2dDwBVV	915538
vitaminb_day6_turn	frame_0001.png	1RxdpVvMbbR9LH2K23igzzZG6_YRXT1E1	594558
vitaminb_day6_turn	frame_0002.png	1nGjhV4NU24xqa13yxG1ELZLiM5ZB0gm3	728131
vitaminb_day6_turn	frame_0003.png	1t0NWOGjlvxiajd_PXU2hE-Ozwl-RHlOG	782600
vitaminb_day6_turn	frame_0004.png	1_SWtfzvfUALkJVmRGSMjz1PD5WkYYO1s	841220
vitaminb_day6_turn	frame_0005.png	1mD-x9mHdtlER35hw18YM_wX4ogoLozQp	855168
vitaminb_day6_turn	frame_0006.png	1a-ti5GOac8FEhTsssJRFBqdpzeM6_sa-	831864
vitaminb_day6_turn	frame_0007.png	1t003cIR7XFL8ImbNIZHBjHXTvuDiE4Qp	768627
vitaminb_day6_turn	frame_0008.png	1AemzeYyyoQGcACmc5UmrpfVDjMESaxTe	662504
vitaminb_day6_turn	frame_0009.png	1udWZIrdw0NTRIrtMBAqjc9r6e3kpbRwr	556747
vitaminb_day6_turn	frame_0010.png	1yEFGanBSVejfaMvqRVTtBFqmy7NeilS0	423133
vitaminb_day6_turn	frame_0011.png	1SWJ80OBGUlIGG4dU-WoBk6RtciThFtym	641513
vitaminb_day6_turn	frame_0012.png	1luLiYYh5ulrBka9rWQV8xHoHnWVyCoGl	813678
vitaminb_day6_turn	frame_0013.png	1HA2dxLzNaqoA9mfXx3qwMF18UJT1zecf	957321
vitaminb_day6_turn	frame_0014.png	1_SfZbG_ocXKxuEqntZeblnQFkQZxBn2E	1066062
vitaminb_day6_turn	frame_0015.png	1y8PgWRWcXjpUoYHnjae3PL4e6itaKM4U	1140642
vitaminb_day6_turn	frame_0016.png	1sxTnPPQmmt6TumiVOiXWYWptSk_Iy6Zp	1165637
vitaminb_day6_turn	frame_0017.png	1JTnz-oL9XuPwU38I5Tu3oxiwJJJU22Bx	1109263
vitaminb_day6_turn	frame_0018.png	1uSczDIYQW6eOvjiVkPulMQUv0AbUteix	1066652
vitaminb_day6_turn	frame_0019.png	1IX6Ru1Iy4zrvT9Olnpuv0d5u2bdZ3okm	969942
vitaminb_day6_turn	frame_0020.png	17ihibF9KJDJWeUUOUBMGdvkSqA6Yuact	1092090
vitaminb_day6_turn	frame_0021.png	1npkn1UWNZo73470qzhkjJ7g2eSXsLaGC	1124835
vitaminb_day6_turn	frame_0022.png	1NgFzom6VW5SSltQA6gZdDWfBkA49fBx-	1134476
vitaminb_day6_turn	frame_0023.png	1WAiQi_AfWt3DEzrfo_erM6DvWb-mvPy0	1099129
vitaminb_day6_turn	frame_0024.png	1GBTpFDDumJoCcSL4QBjF2K3QTh2CWdZU	1020533
vitaminb_day6_turn	frame_0025.png	1rZ0oNvq1nHCmgIVoLxf7mK9P-thFyLGW	902234
vitaminb_day6_turn	frame_0026.png	1YQpmOBvR1J9VqfBAaDcX0rQNmUpEKmZP	725808
vitaminb_day6_turn	frame_0027.png	1h5z6joiO-x4FshMRdd-7fhqTtbo5L_34	549969
vitaminb_day6_turn	frame_0028.png	1EtT50_eOW76yGBEe2bhbWk7EXSRIjqqy	333259
vitaminb_day6_turn	frame_0029.png	1fO0eCR0l_izfd1KquYtPrALet-i02TWV	515735
vitaminb_day6_turn	frame_0030.png	1WazPcHoTS7_u9m8hBIjbUm61iwI3B09f	628502
vitaminb_day6_turn	frame_0031.png	19e0Yi_SGLMzrQLAIHjMYoCmpby_wQ4Ls	720561
vitaminb_day6_turn	frame_0032.png	1eM7_PasVS2cYxWs5Z0kvrWrAe0mnR-ay	779097
vitaminb_day6_turn	frame_0033.png	1vlYjXLGPEnuAmt4q2-f-mqfcty5Crwua	810944
vitaminb_day6_turn	frame_0034.png	1-OCjmvD_E0CZLLjG-qmEM7ZFJdji1agg	804841
vitaminb_day6_turn	frame_0035.png	1bJXqBmIbAYT_PmDZHDXihCQufhRqaenO	692244
vitaminb_day6_turn	frame_0036.png	1MVamQjX2BD_4kti5rZqZWcXRFq2x2sUy	651102
vitaminb_stick	frame_0001.png	1KlrphGSbaMGrLxhNyP0DMq95o5rQd6pI	388332
vitaminb_stick	frame_0002.png	1ugcs7sTAUvpzVwXu2Vn5f3O_QovLPnZT	424029
vitaminb_stick	frame_0003.png	1k5bluAFUsz6TRUQ2FocPlJjqRlN6XK5I	418208
vitaminb_stick	frame_0004.png	1d4TymPkRX1TK5ZMKKpiVOlVYCi081H6H	417447
vitaminb_stick	frame_0005.png	13G9k8u90sI_1fUeW2t9OUoj5yP0Gg65v	399868
vitaminb_stick	frame_0006.png	1amJ3KNrHqaweKgToCiEJEtl91hl-gbrL	365308
vitaminb_stick	frame_0007.png	1uoR8kGUW97Wb7CF2IiJEAba3DjUnXs0U	312161
vitaminb_stick	frame_0008.png	1qZdcZzngLPDoJhpe8e9pzbs0ZJqEOtEv	242960
vitaminb_stick	frame_0009.png	1TvEQhAaoK3F5DogQdC23ALQ0UoRwb1g3	154326
vitaminb_stick	frame_0010.png	1M8X_-ZG6IqAj5vNQPCb9ovFJH4a7sY26	70717
vitaminb_stick	frame_0011.png	1TM-ptLsEBtPvcBdrPxaQmVqV7ceep4RF	152735
vitaminb_stick	frame_0012.png	1mSrSxsPZ_9i8nn8IZZK6_2UJTK0-cmFJ	242108
vitaminb_stick	frame_0013.png	1a8gguIQtuXq9m1Pbbw730-y4lQCv-uS9	301138
vitaminb_stick	frame_0014.png	15HKQ9VK3uCjuIomcc3AXz6MRyQEboLj8	341848
vitaminb_stick	frame_0015.png	10XEiXAcItGsCnTjslh3A2oXb1o3o5uVt	365848
vitaminb_stick	frame_0016.png	1bvHgK9aRThSjcr0tPj_qIXVcOLEJC5P7	362697
vitaminb_stick	frame_0017.png	1Ee8uw8Q5Gefw8PEXWsTEf4R_82BbVQCs	349198
vitaminb_stick	frame_0018.png	1eQEv_hcfCxihNviYwE0w19cPzcXvCm7Z	353359
vitaminb_stick	frame_0019.png	1uGXTVsvCcACLSHAeacMCHaPe4grvtvu2	351984
vitaminb_stick	frame_0020.png	1DH_MfLjoVgOoIAhQoCW3eo1D2OaI2PE8	384784
vitaminb_stick	frame_0021.png	1B0FKCZ9JA8lWBu0BaSKKUmV8TNPJO5aa	376946
vitaminb_stick	frame_0022.png	1zj6ELP0u9Y-N4T7vyF8WTmLJn6l1dQOG	379081
vitaminb_stick	frame_0023.png	1E_zvI5TtWBEg2wpWCxhMljGwscTkEqfh	365484
vitaminb_stick	frame_0024.png	1PWkEcirXP4ea6ZUf3E9omZi9JvBSJgRi	335350
vitaminb_stick	frame_0025.png	1Gu6Zg9BBAuFh_1ilt5TCX8uwNvfgx_eD	288320
vitaminb_stick	frame_0026.png	1UGNSOJ5WKZ1EmLbats4LApnVnzGcYNcZ	226224
vitaminb_stick	frame_0027.png	1VxjfmUe6d1SN8PNYaKPzn65cgs3-qzfQ	145650
vitaminb_stick	frame_0028.png	1RFfTG1XwLLGKTGex47bYK0Fn3aOBbV0l	71313
vitaminb_stick	frame_0029.png	1mVxZ1GSAw-JolLxLkjLeuCCpWmq15vN8	160758
vitaminb_stick	frame_0030.png	1VxGtByB7C4tcg5HyYt3OtjNcGIIlP5Br	257084
vitaminb_stick	frame_0031.png	1CX5jyonmiJm3pHNH8bACeExd0wQ3dwtD	325960
vitaminb_stick	frame_0032.png	1nKYnufrI8F5jpWNFgI8DEcvQrNiBRWGc	372866
vitaminb_stick	frame_0033.png	1o9FEUsv_bTYSLq5txl8jADHalRwS9InQ	401371
vitaminb_stick	frame_0034.png	15cdF30Bzc_cW2h6dCiqpf0nA5MP9RUtU	403669
vitaminb_stick	frame_0035.png	1fP9GKxHZYxuBW2z3MI56canPJT_OtvqZ	395859
vitaminb_stick	frame_0036.png	1t_2mRmDMf24kqjfLHcxvs32OH9gEoNcR	395036
